ID,Pred
2022_3107_3110,0.600089951095223
2022_3107_3112,0.120165669247903
2022_3107_3116,0.159411224708183
2022_3107_3124,0.00167337347141635
2022_3107_3125,0.188595271524346
2022_3107_3138,0.202816860120533
2022_3107_3140,0.0544735309550617
2022_3107_3150,0.341977661980495
2022_3107_3160,0.13255064020246
2022_3107_3163,0.0191523356514491
2022_3107_3166,0.148814710694001
2022_3107_3173,0.179541789320965
2022_3107_3174,0.335503309511072
2022_3107_3177,0.171846030325035
2022_3107_3193,0.455363119446333
2022_3107_3195,0.173952979138978
2022_3107_3196,0.213124674627141
2022_3107_3199,0.200142685328764
2022_3107_3208,0.125510399137014
2022_3107_3210,0.129355833916705
2022_3107_3211,0.079606021312041
2022_3107_3218,0.655034863612218
2022_3107_3224,0.41030426419075
2022_3107_3229,0.390913182585498
2022_3107_3230,0.630519565482604
2022_3107_3231,0.0608870569754551
2022_3107_3234,0.0240600601262271
2022_3107_3235,0.0348368985609563
2022_3107_3237,0.231222605790523
2022_3107_3238,0.371315070043113
2022_3107_3242,0.163499261820871
2022_3107_3243,0.168308661712877
2022_3107_3246,0.0870098249034678
2022_3107_3255,0.646471299801926
2022_3107_3257,0.0001
2022_3107_3261,0.109051931338609
2022_3107_3268,0.0672658382525632
2022_3107_3269,0.257747591632465
2022_3107_3273,0.414103592956629
2022_3107_3274,0.181245775220022
2022_3107_3276,0.051812097273679
2022_3107_3279,0.0712434581555723
2022_3107_3283,0.16780311175954
2022_3107_3286,0.582692354504551
2022_3107_3291,0.407041401160796
2022_3107_3301,0.00152431442086976
2022_3107_3304,0.0859582153487807
2022_3107_3314,0.0580931869387886
2022_3107_3323,0.0937637458681786
2022_3107_3326,0.10474176589504
2022_3107_3328,0.129427158410958
2022_3107_3332,0.0556236493514554
2022_3107_3343,0.127751719351587
2022_3107_3372,0.189115128651484
2022_3107_3376,0.0001
2022_3107_3377,0.0844282375234231
2022_3107_3378,0.165116869237905
2022_3107_3390,0.00551840064988959
2022_3107_3397,0.0558163276446881
2022_3107_3400,0.0401846991118573
2022_3107_3416,0.112375651492613
2022_3107_3424,0.345771015469008
2022_3107_3426,0.448707461854917
2022_3107_3428,0.179349802147447
2022_3107_3437,0.239738936257201
2022_3107_3439,0.0724595011409393
2022_3107_3450,0.225944478614317
2022_3110_3112,0.150958001482899
2022_3110_3116,0.19313972158253
2022_3110_3124,0.0001
2022_3110_3125,0.243415867886081
2022_3110_3138,0.258468997636558
2022_3110_3140,0.105488351312858
2022_3110_3150,0.396818924729493
2022_3110_3160,0.165438615594727
2022_3110_3163,0.0296824707046505
2022_3110_3166,0.184373044113424
2022_3110_3173,0.219894311917765
2022_3110_3174,0.389764197970287
2022_3110_3177,0.211028430550273
2022_3110_3193,0.518439079816197
2022_3110_3195,0.20973182514159
2022_3110_3196,0.254103645508038
2022_3110_3199,0.239450174120338
2022_3110_3208,0.157213723244964
2022_3110_3210,0.158638499082035
2022_3110_3211,0.10974941927836
2022_3110_3218,0.315961513179823
2022_3110_3224,0.482908755768455
2022_3110_3229,0.455688072298733
2022_3110_3230,0.687894035632893
2022_3110_3231,0.0789781491893427
2022_3110_3234,0.0367283286787678
2022_3110_3235,0.0497041981357698
2022_3110_3237,0.274446546650082
2022_3110_3238,0.428635391083668
2022_3110_3242,0.197810765320997
2022_3110_3243,0.203299429567195
2022_3110_3246,0.109546954477435
2022_3110_3255,0.305891864282655
2022_3110_3257,0.0119213168906109
2022_3110_3261,0.135171065449161
2022_3110_3268,0.086462809353843
2022_3110_3269,0.304083918010057
2022_3110_3273,0.474601184257877
2022_3110_3274,0.221854632386079
2022_3110_3276,0.0001
2022_3110_3279,0.072744866227055
2022_3110_3283,0.202722813462154
2022_3110_3286,0.650802193058222
2022_3110_3291,0.473467364654047
2022_3110_3301,0.00868966996660128
2022_3110_3304,0.106278664245493
2022_3110_3314,0.0775611511963865
2022_3110_3323,0.117414849835603
2022_3110_3326,0.13017259643747
2022_3110_3328,0.158720708024847
2022_3110_3332,0.0894000880104777
2022_3110_3343,0.156789167597884
2022_3110_3372,0.230894877709184
2022_3110_3376,0.0001
2022_3110_3377,0.0882132307535217
2022_3110_3378,0.203259394636957
2022_3110_3390,0.013455109641409
2022_3110_3397,0.090338578165678
2022_3110_3400,0.0545960461040342
2022_3110_3416,0.139021547617356
2022_3110_3424,0.406548857958665
2022_3110_3426,0.517670712520614
2022_3110_3428,0.215872992728675
2022_3110_3437,0.309730250468789
2022_3110_3439,0.0925472181682902
2022_3110_3450,0.268523905552782
2022_3112_3116,0.333750434839085
2022_3112_3124,0.335361801409764
2022_3112_3125,0.503739532842945
2022_3112_3138,0.484791270827093
2022_3112_3140,0.578714897721038
2022_3112_3150,0.613560074314882
2022_3112_3160,0.371475792210823
2022_3112_3163,0.28571114865465
2022_3112_3166,0.432649536069302
2022_3112_3173,0.38682168823018
2022_3112_3174,0.606538203409984
2022_3112_3177,0.437826255779918
2022_3112_3193,0.716124290636346
2022_3112_3195,0.36453388550339
2022_3112_3196,0.438176065143648
2022_3112_3199,0.415138947292937
2022_3112_3208,0.615869899816474
2022_3112_3210,0.672563980188183
2022_3112_3211,0.635734694198203
2022_3112_3218,0.880466087094981
2022_3112_3224,0.849020146496638
2022_3112_3229,0.725965109466413
2022_3112_3230,0.961277232046696
2022_3112_3231,0.46282426941529
2022_3112_3234,0.396618652828279
2022_3112_3235,0.467003981659492
2022_3112_3237,0.46828749303287
2022_3112_3238,0.643592830430881
2022_3112_3242,0.342614635250605
2022_3112_3243,0.352829747410857
2022_3112_3246,0.552422862816006
2022_3112_3255,0.831358330207274
2022_3112_3257,0.289131935152117
2022_3112_3261,0.618337296455106
2022_3112_3268,0.485995883208098
2022_3112_3269,0.508665705429488
2022_3112_3273,0.682755756060804
2022_3112_3274,0.637731143795761
2022_3112_3276,0.527033643429478
2022_3112_3279,0.65572613821093
2022_3112_3283,0.351766598088607
2022_3112_3286,0.798665220832103
2022_3112_3291,0.899752345755369
2022_3112_3301,0.194352222468326
2022_3112_3304,0.653587597310408
2022_3112_3314,0.405789154717867
2022_3112_3323,0.573476022686116
2022_3112_3326,0.606063338588791
2022_3112_3328,0.67274467504719
2022_3112_3332,0.588453667055489
2022_3112_3343,0.668482828873427
2022_3112_3372,0.714668558681129
2022_3112_3376,0.0178876071643858
2022_3112_3377,0.647380968925073
2022_3112_3378,0.599057906074343
2022_3112_3390,0.216088251601333
2022_3112_3397,0.594131536213008
2022_3112_3400,0.380986884769063
2022_3112_3416,0.627611630685478
2022_3112_3424,0.869446658143113
2022_3112_3426,0.759860817970997
2022_3112_3428,0.375447877550539
2022_3112_3437,0.568403310207915
2022_3112_3439,0.504218904211479
2022_3112_3450,0.45973418747245
2022_3116_3124,0.305402048436622
2022_3116_3125,0.450768712057731
2022_3116_3138,0.430796868200642
2022_3116_3140,0.536407848055307
2022_3116_3150,0.583058745059601
2022_3116_3160,0.69299890153348
2022_3116_3163,0.221007231397814
2022_3116_3166,0.320261645911879
2022_3116_3173,0.381003539287393
2022_3116_3174,0.587599088496268
2022_3116_3177,0.365796507041998
2022_3116_3193,0.784068130769478
2022_3116_3195,0.70380903692539
2022_3116_3196,0.390264244502086
2022_3116_3199,0.412289584029094
2022_3116_3208,0.677541201656242
2022_3116_3210,0.606288818768542
2022_3116_3211,0.589778968768819
2022_3116_3218,0.840934003708355
2022_3116_3224,0.891092500470395
2022_3116_3229,0.656620265252657
2022_3116_3230,0.9999
2022_3116_3231,0.393410910956749
2022_3116_3234,0.338294679927123
2022_3116_3235,0.38632542277853
2022_3116_3237,0.422930408175857
2022_3116_3238,0.672963580922518
2022_3116_3242,0.298373591090444
2022_3116_3243,0.297466511919599
2022_3116_3246,0.486276722793535
2022_3116_3255,0.823211742048333
2022_3116_3257,0.26049528843405
2022_3116_3261,0.551924790587237
2022_3116_3268,0.402929759391238
2022_3116_3269,0.465849446607228
2022_3116_3273,0.659777689108152
2022_3116_3274,0.386671843199194
2022_3116_3276,0.489040712746962
2022_3116_3279,0.609731391742482
2022_3116_3283,0.354833721927297
2022_3116_3286,0.703125566929248
2022_3116_3291,0.898509648906635
2022_3116_3301,0.13782471165794
2022_3116_3304,0.607016536076174
2022_3116_3314,0.47710345582921
2022_3116_3323,0.507055562576959
2022_3116_3326,0.579924089314803
2022_3116_3328,0.608635121280818
2022_3116_3332,0.545720993346804
2022_3116_3343,0.607512107417578
2022_3116_3372,0.400366819941882
2022_3116_3376,0.0877308199474176
2022_3116_3377,0.600075487496144
2022_3116_3378,0.355473206083258
2022_3116_3390,0.0861524500493855
2022_3116_3397,0.553672073066943
2022_3116_3400,0.1068346201776
2022_3116_3416,0.563791578696859
2022_3116_3424,0.613876875595091
2022_3116_3426,0.704191282173324
2022_3116_3428,0.378446606174673
2022_3116_3437,0.514174523080506
2022_3116_3439,0.42721443426986
2022_3116_3450,0.413470309571642
2022_3124_3125,0.84874322045706
2022_3124_3138,0.859099565966789
2022_3124_3140,0.668840749511298
2022_3124_3150,0.862192567738392
2022_3124_3160,0.688099417918151
2022_3124_3163,0.63799512504802
2022_3124_3166,0.715277148920102
2022_3124_3173,0.757809606102939
2022_3124_3174,0.858630317460451
2022_3124_3177,0.748079218791613
2022_3124_3193,0.911210971574957
2022_3124_3195,0.716016138065786
2022_3124_3196,0.763939758619379
2022_3124_3199,0.749424797233749
2022_3124_3208,0.67508727236662
2022_3124_3210,0.641870919348502
2022_3124_3211,0.68660930819595
2022_3124_3218,0.9999
2022_3124_3224,0.99347356368688
2022_3124_3229,0.904383339463794
2022_3124_3230,0.9999
2022_3124_3231,0.449992506617483
2022_3124_3234,0.315600057425957
2022_3124_3235,0.380616757469636
2022_3124_3237,0.782298843227135
2022_3124_3238,0.877118184807798
2022_3124_3242,0.700854400556075
2022_3124_3243,0.707974370538816
2022_3124_3246,0.539427026178584
2022_3124_3255,0.960309692301297
2022_3124_3257,0.694544951983122
2022_3124_3261,0.597832741902747
2022_3124_3268,0.474348282972108
2022_3124_3269,0.805887648461057
2022_3124_3273,0.895856813531673
2022_3124_3274,0.759890580132163
2022_3124_3276,0.657042004096392
2022_3124_3279,0.860346811879447
2022_3124_3283,0.7072377901245
2022_3124_3286,0.946962081983617
2022_3124_3291,0.986873189509817
2022_3124_3301,0.491754871248469
2022_3124_3304,0.679383342345452
2022_3124_3314,0.489572751512086
2022_3124_3323,0.558706403735718
2022_3124_3326,0.587381991575407
2022_3124_3328,0.642012116893203
2022_3124_3332,0.640145998484136
2022_3124_3343,0.638672378498501
2022_3124_3372,0.769176230512374
2022_3124_3376,0.275941551440127
2022_3124_3377,0.904012328368719
2022_3124_3378,0.739097740534098
2022_3124_3390,0.529013354754358
2022_3124_3397,0.642525865646746
2022_3124_3400,0.356101605504295
2022_3124_3416,0.605607391382719
2022_3124_3424,0.884906267855567
2022_3124_3426,0.924591594978591
2022_3124_3428,0.723405694772611
2022_3124_3437,0.922340704323183
2022_3124_3439,0.49287864677949
2022_3124_3450,0.777152574415881
2022_3125_3138,0.347781233772909
2022_3125_3140,0.362920303645592
2022_3125_3150,0.437466532321417
2022_3125_3160,0.526029933048411
2022_3125_3163,0.172152727356363
2022_3125_3166,0.563167212843924
2022_3125_3173,0.62786373087746
2022_3125_3174,0.429187702395187
2022_3125_3177,0.612286786790884
2022_3125_3193,0.563856239412657
2022_3125_3195,0.57905847549959
2022_3125_3196,0.653170311573307
2022_3125_3199,0.629555795979028
2022_3125_3208,0.509272154983367
2022_3125_3210,0.483064682360772
2022_3125_3211,0.391686621039489
2022_3125_3218,0.788928087766817
2022_3125_3224,0.838972484106541
2022_3125_3229,0.531044405740756
2022_3125_3230,0.926937746009728
2022_3125_3231,0.304827477837777
2022_3125_3234,0.209280935380577
2022_3125_3235,0.247450013728728
2022_3125_3237,0.684650341001944
2022_3125_3238,0.473400803334211
2022_3125_3242,0.557752843528526
2022_3125_3243,0.567640301727684
2022_3125_3246,0.377917000928859
2022_3125_3255,0.71925233150962
2022_3125_3257,0.108940644624638
2022_3125_3261,0.434538408596686
2022_3125_3268,0.323319811645528
2022_3125_3269,0.318394392291004
2022_3125_3273,0.52157857913435
2022_3125_3274,0.631259167488982
2022_3125_3276,0.353597118999482
2022_3125_3279,0.41892833471384
2022_3125_3283,0.566607876333225
2022_3125_3286,0.673610941119784
2022_3125_3291,0.819041543121941
2022_3125_3301,0.109191201467495
2022_3125_3304,0.382863159887842
2022_3125_3314,0.323999988831104
2022_3125_3323,0.395729398745022
2022_3125_3326,0.423802809998136
2022_3125_3328,0.483229439735495
2022_3125_3332,0.412135365266559
2022_3125_3343,0.479348996508946
2022_3125_3372,0.646695018051048
2022_3125_3376,0.035516486083894
2022_3125_3377,0.45989573454844
2022_3125_3378,0.598332649458444
2022_3125_3390,0.123858136752742
2022_3125_3397,0.228358362242864
2022_3125_3400,0.241680406208473
2022_3125_3416,0.44271015242401
2022_3125_3424,0.478675383297007
2022_3125_3426,0.590180068609752
2022_3125_3428,0.589792902171632
2022_3125_3437,0.393969677459611
2022_3125_3439,0.338060514410381
2022_3125_3450,0.6756363685111
2022_3138_3140,0.34421224012486
2022_3138_3150,0.4573632497688
2022_3138_3160,0.545390945600593
2022_3138_3163,0.182345249061189
2022_3138_3166,0.582948441672443
2022_3138_3173,0.648127187018828
2022_3138_3174,0.449177173421173
2022_3138_3177,0.632463057234339
2022_3138_3193,0.581703453352206
2022_3138_3195,0.599328138431224
2022_3138_3196,0.673883559698936
2022_3138_3199,0.650173447495476
2022_3138_3208,0.528409148890412
2022_3138_3210,0.502129867754046
2022_3138_3211,0.369827661174593
2022_3138_3218,0.775249503904314
2022_3138_3224,0.848157084103975
2022_3138_3229,0.549230909971133
2022_3138_3230,0.93231599091223
2022_3138_3231,0.319745324564943
2022_3138_3234,0.220739524011311
2022_3138_3235,0.260275421737408
2022_3138_3237,0.295824761631488
2022_3138_3238,0.492835591706014
2022_3138_3242,0.577816785204278
2022_3138_3243,0.587804070884777
2022_3138_3246,0.394838325277053
2022_3138_3255,0.732967671151942
2022_3138_3257,0.0997401595057767
2022_3138_3261,0.452721901734334
2022_3138_3268,0.338784579788038
2022_3138_3269,0.339129591027341
2022_3138_3273,0.540243244001166
2022_3138_3274,0.651539199561964
2022_3138_3276,0.33517802207221
2022_3138_3279,0.398639169154986
2022_3138_3283,0.586761574721061
2022_3138_3286,0.688722633943531
2022_3138_3291,0.829179442975643
2022_3138_3301,0.116645013502477
2022_3138_3304,0.361286699616312
2022_3138_3314,0.339221621422234
2022_3138_3323,0.413074976487716
2022_3138_3326,0.441766347238224
2022_3138_3328,0.502297305452003
2022_3138_3332,0.417082132081368
2022_3138_3343,0.498353172008059
2022_3138_3372,0.667039460658695
2022_3138_3376,0.0392898688354586
2022_3138_3377,0.438618954920146
2022_3138_3378,0.618415262263972
2022_3138_3390,0.131978673239461
2022_3138_3397,0.1576449745635
2022_3138_3400,0.254525203026041
2022_3138_3416,0.461055016399291
2022_3138_3424,0.49771267260746
2022_3138_3426,0.607165976258835
2022_3138_3428,0.610152951883178
2022_3138_3437,0.370137511608977
2022_3138_3439,0.353941798162946
2022_3138_3450,0.696400996711587
2022_3140_3150,0.712974010681453
2022_3140_3160,0.452077994000678
2022_3140_3163,0.384865733100117
2022_3140_3166,0.488854576200101
2022_3140_3173,0.548930707786098
2022_3140_3174,0.707097728438073
2022_3140_3177,0.534905121509701
2022_3140_3193,0.796751017124073
2022_3140_3195,0.492644377160244
2022_3140_3196,0.560457464671854
2022_3140_3199,0.539494790329275
2022_3140_3208,0.434892910889255
2022_3140_3210,0.395141895879947
2022_3140_3211,0.38318622451491
2022_3140_3218,0.946708924172015
2022_3140_3224,0.950124077167266
2022_3140_3229,0.783067115624393
2022_3140_3230,0.98978331387201
2022_3140_3231,0.587394451334618
2022_3140_3234,0.45670044799261
2022_3140_3235,0.516343217143917
2022_3140_3237,0.587521166636657
2022_3140_3238,0.737900376537065
2022_3140_3242,0.472001445893397
2022_3140_3243,0.481648461340648
2022_3140_3246,0.683027982300017
2022_3140_3255,0.886509580561279
2022_3140_3257,0.372727342133994
2022_3140_3261,0.341094745699581
2022_3140_3268,0.61254388591119
2022_3140_3269,0.623227271493235
2022_3140_3273,0.769909704211453
2022_3140_3274,0.551952564853367
2022_3140_3276,0.375662722080711
2022_3140_3279,0.353605433412542
2022_3140_3283,0.480646617701912
2022_3140_3286,0.861495075085778
2022_3140_3291,0.937729156696964
2022_3140_3301,0.272707076921999
2022_3140_3304,0.373341588115696
2022_3140_3314,0.625645896186898
2022_3140_3323,0.295281643131948
2022_3140_3326,0.328661000200006
2022_3140_3328,0.395319617477933
2022_3140_3332,0.321735345579116
2022_3140_3343,0.391123747508833
2022_3140_3372,0.565533616593426
2022_3140_3376,0.129951213668385
2022_3140_3377,0.406918360651963
2022_3140_3378,0.522109515716485
2022_3140_3390,0.299898121585221
2022_3140_3397,0.32477931512841
2022_3140_3400,0.496139013358099
2022_3140_3416,0.350440204411599
2022_3140_3424,0.749253352329818
2022_3140_3426,0.819127831463756
2022_3140_3428,0.502843235735179
2022_3140_3437,0.708676590691869
2022_3140_3439,0.632115442839988
2022_3140_3450,0.579871926418131
2022_3150_3160,0.408590630551743
2022_3150_3163,0.0276426710575873
2022_3150_3166,0.440146970540025
2022_3150_3173,0.494929246064395
2022_3150_3174,0.312486504334348
2022_3150_3177,0.480874471658171
2022_3150_3193,0.467808790110367
2022_3150_3195,0.448065793442971
2022_3150_3196,0.499012397399341
2022_3150_3199,0.498879841151956
2022_3150_3208,0.395715692958047
2022_3150_3210,0.355181526287465
2022_3150_3211,0.326345703474118
2022_3150_3218,0.658597699617126
2022_3150_3224,0.745408354917058
2022_3150_3229,0.387941786538346
2022_3150_3230,0.9999
2022_3150_3231,0.0476662777808759
2022_3150_3234,0.157204380527455
2022_3150_3235,0.186557495273479
2022_3150_3237,0.611712582691579
2022_3150_3238,0.360923361909399
2022_3150_3242,0.42707540405478
2022_3150_3243,0.541411430910953
2022_3150_3246,0.185881991802236
2022_3150_3255,0.640569237528421
2022_3150_3257,0.112201287774115
2022_3150_3261,0.307848324697256
2022_3150_3268,0.21167872454492
2022_3150_3269,0.489585664634285
2022_3150_3273,0.42991859288803
2022_3150_3274,0.500228235974645
2022_3150_3276,0.253784291696701
2022_3150_3279,0.341583003165298
2022_3150_3283,0.436226694650877
2022_3150_3286,0.599447245618427
2022_3150_3291,0.759030430020698
2022_3150_3301,0.0413573499068919
2022_3150_3304,0.339491906034483
2022_3150_3314,0.245639417009236
2022_3150_3323,0.317032827189943
2022_3150_3326,0.299203217331092
2022_3150_3328,0.421257663408862
2022_3150_3332,0.293741002151496
2022_3150_3343,0.299557398730736
2022_3150_3372,0.513168381978807
2022_3150_3376,0.0221795948896954
2022_3150_3377,0.334171255409413
2022_3150_3378,0.471465163611409
2022_3150_3390,0.0572818460684768
2022_3150_3397,0.299521981681917
2022_3150_3400,0.144745502480296
2022_3150_3416,0.274309327720042
2022_3150_3424,0.334138412051768
2022_3150_3426,0.451428057384559
2022_3150_3428,0.456341745960559
2022_3150_3437,0.628817725751354
2022_3150_3439,0.225288210305338
2022_3150_3450,0.645841380493091
2022_3160_3163,0.26791149719005
2022_3160_3166,0.332850883550116
2022_3160_3173,0.302415927098823
2022_3160_3174,0.584175212571847
2022_3160_3177,0.356172705394108
2022_3160_3193,0.697653679420387
2022_3160_3195,0.337907353815094
2022_3160_3196,0.412224317220689
2022_3160_3199,0.388918119877646
2022_3160_3208,0.522265792601928
2022_3160_3210,0.645885413801787
2022_3160_3211,0.604191430112732
2022_3160_3218,0.868125395681747
2022_3160_3224,0.863666208800421
2022_3160_3229,0.67815046440888
2022_3160_3230,0.966174305974826
2022_3160_3231,0.439201898271584
2022_3160_3234,0.151253734839483
2022_3160_3235,0.369753457700713
2022_3160_3237,0.442767470344675
2022_3160_3238,0.622407235217688
2022_3160_3242,0.315891079794606
2022_3160_3243,0.326145507113087
2022_3160_3246,0.526978977789039
2022_3160_3255,0.818330752404021
2022_3160_3257,0.267804795295822
2022_3160_3261,0.592043397068853
2022_3160_3268,0.461829332487794
2022_3160_3269,0.483867575004455
2022_3160_3273,0.662968381170057
2022_3160_3274,0.679713380888227
2022_3160_3276,0.497241736108922
2022_3160_3279,0.624008383268611
2022_3160_3283,0.325077786073905
2022_3160_3286,0.78395141634482
2022_3160_3291,0.890619491503494
2022_3160_3301,0.180690064409497
2022_3160_3304,0.621886301549887
2022_3160_3314,0.271522225830008
2022_3160_3323,0.547715250094317
2022_3160_3326,0.579896028345891
2022_3160_3328,0.646065304443542
2022_3160_3332,0.557506221133774
2022_3160_3343,0.641823273434802
2022_3160_3372,0.350157742787731
2022_3160_3376,0.0221602725955405
2022_3160_3377,0.615730437781063
2022_3160_3378,0.641325083342447
2022_3160_3390,0.201372563627469
2022_3160_3397,0.563098987825701
2022_3160_3400,0.359691236026813
2022_3160_3416,0.601231734469169
2022_3160_3424,0.63321620452288
2022_3160_3426,0.710657248735988
2022_3160_3428,0.348887362475272
2022_3160_3437,0.540370728246053
2022_3160_3439,0.479660134712972
2022_3160_3450,0.434082291386823
2022_3163_3166,0.75537373663701
2022_3163_3173,0.79089474585852
2022_3163_3174,0.915330357239725
2022_3163_3177,0.782313441198404
2022_3163_3193,0.954612464589549
2022_3163_3195,0.798930869951776
2022_3163_3196,0.972484300796939
2022_3163_3199,0.827574329756716
2022_3163_3208,0.721899214762045
2022_3163_3210,0.732610680969137
2022_3163_3211,0.658689036130377
2022_3163_3218,0.980953376483513
2022_3163_3224,0.995887342907268
2022_3163_3229,0.917986910303977
2022_3163_3230,0.9999
2022_3163_3231,0.742369174633166
2022_3163_3234,0.406325394678104
2022_3163_3235,0.465292409733216
2022_3163_3237,0.914809874300175
2022_3163_3238,0.928952558888566
2022_3163_3242,0.785707721651609
2022_3163_3243,0.891390557355277
2022_3163_3246,0.797686497301154
2022_3163_3255,0.99857731638326
2022_3163_3257,0.295497926410983
2022_3163_3261,0.689173524513174
2022_3163_3268,0.568887178228339
2022_3163_3269,0.870791281400882
2022_3163_3273,0.9999
2022_3163_3274,0.794042798884339
2022_3163_3276,0.572636512803321
2022_3163_3279,0.673918914661674
2022_3163_3283,0.791582785964262
2022_3163_3286,0.979894964630306
2022_3163_3291,0.9999
2022_3163_3301,0.618233656684136
2022_3163_3304,0.671878212900883
2022_3163_3314,0.561292166944361
2022_3163_3323,0.768733420642182
2022_3163_3326,0.680320328947336
2022_3163_3328,0.837846708007224
2022_3163_3332,0.623047410153671
2022_3163_3343,0.796844874843867
2022_3163_3372,0.801538315046092
2022_3163_3376,0.358238341559606
2022_3163_3377,0.666615962633736
2022_3163_3378,0.776372674137245
2022_3163_3390,0.584566836346119
2022_3163_3397,0.629695045715526
2022_3163_3400,0.443593926242108
2022_3163_3416,0.904179254913885
2022_3163_3424,0.901242532498226
2022_3163_3426,0.935595036897343
2022_3163_3428,0.803906009500151
2022_3163_3437,0.858342951756373
2022_3163_3439,0.589345853518071
2022_3163_3450,0.924673486762266
2022_3166_3173,0.644806602708221
2022_3166_3174,0.552343422957467
2022_3166_3177,0.698569900919073
2022_3166_3193,0.671010260631529
2022_3166_3195,0.301081492529598
2022_3166_3196,0.37601931143339
2022_3166_3199,0.352437054581473
2022_3166_3208,0.460589063154607
2022_3166_3210,0.609421546808663
2022_3166_3211,0.566243029963225
2022_3166_3218,0.851918039411686
2022_3166_3224,0.83641880612862
2022_3166_3229,0.655502715435524
2022_3166_3230,0.954289204304367
2022_3166_3231,0.407680733121447
2022_3166_3234,0.138343733324625
2022_3166_3235,0.318506417790881
2022_3166_3237,0.40703760014967
2022_3166_3238,0.592116011557438
2022_3166_3242,0.688625711595039
2022_3166_3243,0.698890374771986
2022_3166_3246,0.492679810505387
2022_3166_3255,0.799270365914802
2022_3166_3257,0.243239518091739
2022_3166_3261,0.556329538323085
2022_3166_3268,0.429497332335937
2022_3166_3269,0.448981321401048
2022_3166_3273,0.634541482397537
2022_3166_3274,0.617592521916396
2022_3166_3276,0.461893359738055
2022_3166_3279,0.585751924736392
2022_3166_3283,0.697820924483105
2022_3166_3286,0.762510830715763
2022_3166_3291,0.877143150089387
2022_3166_3301,0.162996587074249
2022_3166_3304,0.583660211792992
2022_3166_3314,0.232512510367678
2022_3166_3323,0.512905211933653
2022_3166_3326,0.544404237949919
2022_3166_3328,0.609599575274132
2022_3166_3332,0.52049914237826
2022_3166_3343,0.605402601692333
2022_3166_3372,0.697340327671693
2022_3166_3376,0.0136513172561725
2022_3166_3377,0.577596001223838
2022_3166_3378,0.579859829494056
2022_3166_3390,0.182269130707229
2022_3166_3397,0.525963250878229
2022_3166_3400,0.331535283900896
2022_3166_3416,0.565362790347336
2022_3166_3424,0.581909174091139
2022_3166_3426,0.662245398411143
2022_3166_3428,0.312105768834157
2022_3166_3437,0.505096712529272
2022_3166_3439,0.446735386305115
2022_3166_3450,0.398204188686033
2022_3173_3174,0.497158121951444
2022_3173_3177,0.699786776367125
2022_3173_3193,0.623812840334956
2022_3173_3195,0.649663379940019
2022_3173_3196,0.315217976661232
2022_3173_3199,0.701031059626537
2022_3173_3208,0.300853455755527
2022_3173_3210,0.550086714099784
2022_3173_3211,0.503598313644933
2022_3173_3218,0.821293663840355
2022_3173_3224,0.85721159937994
2022_3173_3229,0.684905380642825
2022_3173_3230,0.963385823826126
2022_3173_3231,0.358193711147675
2022_3173_3234,0.289127724043824
2022_3173_3235,0.176716177708728
2022_3173_3237,0.346698550125715
2022_3173_3238,0.539221312482471
2022_3173_3242,0.62778283882008
2022_3173_3243,0.637952552889445
2022_3173_3246,0.438014474243164
2022_3173_3255,0.764704549539171
2022_3173_3257,0.205094625904897
2022_3173_3261,0.498762104624825
2022_3173_3268,0.378541021780146
2022_3173_3269,0.389620117220469
2022_3173_3273,0.584518043133527
2022_3173_3274,0.664197625294061
2022_3173_3276,0.404688457324646
2022_3173_3279,0.522363014664852
2022_3173_3283,0.636891908476416
2022_3173_3286,0.723889676441015
2022_3173_3291,0.85235148342349
2022_3173_3301,0.136389575095173
2022_3173_3304,0.520346920032166
2022_3173_3314,0.26144311502913
2022_3173_3323,0.457226101998455
2022_3173_3326,0.487315981215089
2022_3173_3328,0.550259828660678
2022_3173_3332,0.45993873615913
2022_3173_3343,0.54618050973452
2022_3173_3372,0.334674732174118
2022_3173_3376,0.0199178571429741
2022_3173_3377,0.514507611868287
2022_3173_3378,0.625922800405174
2022_3173_3390,0.153444640480314
2022_3173_3397,0.465129028970137
2022_3173_3400,0.287921924001525
2022_3173_3416,0.507452358807939
2022_3173_3424,0.620802920491264
2022_3173_3426,0.718021458004089
2022_3173_3428,0.660640523571347
2022_3173_3437,0.442827608159661
2022_3173_3439,0.394686261462224
2022_3173_3450,0.337711030915207
2022_3174_3177,0.488692790245756
2022_3174_3193,0.486104537250452
2022_3174_3195,0.500319214874038
2022_3174_3196,0.485958476544092
2022_3174_3199,0.491616977033096
2022_3174_3208,0.402828362443043
2022_3174_3210,0.275390640357732
2022_3174_3211,0.33271283502416
2022_3174_3218,0.665065470634213
2022_3174_3224,0.750766195415878
2022_3174_3229,0.396372587624446
2022_3174_3230,0.9999
2022_3174_3231,0.181252738579947
2022_3174_3234,0.161107931102702
2022_3174_3235,0.19095447996079
2022_3174_3237,0.516852011841969
2022_3174_3238,0.362539951317124
2022_3174_3242,0.356728952076169
2022_3174_3243,0.404298468877324
2022_3174_3246,0.240091782132548
2022_3174_3255,0.613984219194691
2022_3174_3257,0.115294398946285
2022_3174_3261,0.28880043492162
2022_3174_3268,0.0684968375279795
2022_3174_3269,0.55931726170698
2022_3174_3273,0.373107413838857
2022_3174_3274,0.508174800133408
2022_3174_3276,0.259206981594937
2022_3174_3279,0.34812705913643
2022_3174_3283,0.442383155847308
2022_3174_3286,0.410872735944479
2022_3174_3291,0.746977235234678
2022_3174_3301,0.0430871669928292
2022_3174_3304,0.346012120861862
2022_3174_3314,0.25094556397102
2022_3174_3323,0.254003502417295
2022_3174_3326,0.307029406093102
2022_3174_3328,0.326385463610847
2022_3174_3332,0.299704614668324
2022_3174_3343,0.325543024375232
2022_3174_3372,0.521194067886223
2022_3174_3376,0.0234551573229606
2022_3174_3377,0.340630178210159
2022_3174_3378,0.479216839233085
2022_3174_3390,0.00177661132023399
2022_3174_3397,0.305559620817071
2022_3174_3400,0.127279067392731
2022_3174_3416,0.293500770005811
2022_3174_3424,0.342687502376817
2022_3174_3426,0.459602908915975
2022_3174_3428,0.354786349606514
2022_3174_3437,0.637315339370815
2022_3174_3439,0.213318678984261
2022_3174_3450,0.507782302116526
2022_3177_3193,0.636037864411928
2022_3177_3195,0.664979109179476
2022_3177_3196,0.330575572066532
2022_3177_3199,0.306809818440113
2022_3177_3208,0.315926693812343
2022_3177_3210,0.564854832577165
2022_3177_3211,0.518296863749001
2022_3177_3218,0.828964246009414
2022_3177_3224,0.833914872434992
2022_3177_3229,0.644510299638089
2022_3177_3230,0.953181877048951
2022_3177_3231,0.370308026265064
2022_3177_3234,0.253788746993599
2022_3177_3235,0.179182415760628
2022_3177_3237,0.361979280789012
2022_3177_3238,0.552829357200787
2022_3177_3242,0.643026455983938
2022_3177_3243,0.653233056061597
2022_3177_3246,0.45148988122774
2022_3177_3255,0.773757994013866
2022_3177_3257,0.213789258741887
2022_3177_3261,0.513027499170045
2022_3177_3268,0.391037258774919
2022_3177_3269,0.40470662092768
2022_3177_3273,0.597434394933755
2022_3177_3274,0.612302413354634
2022_3177_3276,0.417984451018376
2022_3177_3279,0.537262615849641
2022_3177_3283,0.652168838088951
2022_3177_3286,0.733972934476275
2022_3177_3291,0.858889336141754
2022_3177_3301,0.142775429400861
2022_3177_3304,0.535225911305973
2022_3177_3314,0.229349973745199
2022_3177_3323,0.470974256870742
2022_3177_3326,0.501448714581217
2022_3177_3328,0.565029388302819
2022_3177_3332,0.474089361748671
2022_3177_3343,0.560915655110264
2022_3177_3372,0.691971882916401
2022_3177_3376,0.0129811447151904
2022_3177_3377,0.529325563672747
2022_3177_3378,0.574650255259323
2022_3177_3390,0.160373385558771
2022_3177_3397,0.479350673390795
2022_3177_3400,0.298532460094297
2022_3177_3416,0.521813463597351
2022_3177_3424,0.577334774776736
2022_3177_3426,0.721381178501761
2022_3177_3428,0.67598223228838
2022_3177_3437,0.457916239525789
2022_3177_3439,0.40746850350145
2022_3177_3450,0.353019375324296
2022_3193_3195,0.265656944598131
2022_3193_3196,0.35186211821469
2022_3193_3199,0.335586857634456
2022_3193_3208,0.291587408858231
2022_3193_3210,0.207136051810064
2022_3193_3211,0.234702410348025
2022_3193_3218,0.545308663983818
2022_3193_3224,0.649148473029655
2022_3193_3229,0.66062600557148
2022_3193_3230,0.9999
2022_3193_3231,0.113561981007365
2022_3193_3234,0.103244837425543
2022_3193_3235,0.12535557641828
2022_3193_3237,0.378222564443646
2022_3193_3238,0.598931475718233
2022_3193_3242,0.268360533683385
2022_3193_3243,0.28424878536434
2022_3193_3246,0.156723134822805
2022_3193_3255,0.474112717166918
2022_3193_3257,0.0698919179349292
2022_3193_3261,0.16886142541193
2022_3193_3268,0.108824720860519
2022_3193_3269,0.415186275363165
2022_3193_3273,0.624749430810089
2022_3193_3274,0.380817403652952
2022_3193_3276,0.177089140275039
2022_3193_3279,0.247043045922753
2022_3193_3283,0.293561573523322
2022_3193_3286,0.65934037859129
2022_3193_3291,0.634638321556115
2022_3193_3301,0.0170108562501386
2022_3193_3304,0.245344397031249
2022_3193_3314,0.170738681153948
2022_3193_3323,0.167116021685292
2022_3193_3326,0.183024411501303
2022_3193_3328,0.222393341038377
2022_3193_3332,0.208581069708528
2022_3193_3343,0.221738109388749
2022_3193_3372,0.392173434521
2022_3193_3376,0.00509011234209901
2022_3193_3377,0.241029599166334
2022_3193_3378,0.355822945278571
2022_3193_3390,0.0001
2022_3193_3397,0.21318444463268
2022_3193_3400,0.0001
2022_3193_3416,0.197025939375412
2022_3193_3424,0.606893384453065
2022_3193_3426,0.316353330639637
2022_3193_3428,0.25832858126505
2022_3193_3437,0.496851175353483
2022_3193_3439,0.119184896516459
2022_3193_3450,0.370437971955297
2022_3195_3196,0.354643192966845
2022_3195_3199,0.385594506616181
2022_3195_3208,0.646696089334435
2022_3195_3210,0.565699592755273
2022_3195_3211,0.55978859227791
2022_3195_3218,0.826413964722501
2022_3195_3224,0.879885294537538
2022_3195_3229,0.632589912848203
2022_3195_3230,0.9999
2022_3195_3231,0.364400713426524
2022_3195_3234,0.315439964921324
2022_3195_3235,0.361579787260069
2022_3195_3237,0.38771558624085
2022_3195_3238,0.643196823292419
2022_3195_3242,0.676874138887199
2022_3195_3243,0.67106813634019
2022_3195_3246,0.453895526766347
2022_3195_3255,0.804950497575542
2022_3195_3257,0.241222865356893
2022_3195_3261,0.546744828772792
2022_3195_3268,0.203465468321251
2022_3195_3269,0.431387195150029
2022_3195_3273,0.63187073218042
2022_3195_3274,0.356052222891451
2022_3195_3276,0.461083330056053
2022_3195_3279,0.579471238823903
2022_3195_3283,0.33106979249207
2022_3195_3286,0.708308401244774
2022_3195_3291,0.885998491726959
2022_3195_3301,0.123542939672105
2022_3195_3304,0.576790491142416
2022_3195_3314,0.44946064999026
2022_3195_3323,0.4740680974354
2022_3195_3326,0.571888131967109
2022_3195_3328,0.573473788983754
2022_3195_3332,0.516482441927477
2022_3195_3343,0.572367581425624
2022_3195_3372,0.369876707727436
2022_3195_3376,0.0786726560157746
2022_3195_3377,0.569940371306869
2022_3195_3378,0.324638882088985
2022_3195_3390,0.0553123572995645
2022_3195_3397,0.524281998319374
2022_3195_3400,0.292808705264052
2022_3195_3416,0.529427406804601
2022_3195_3424,0.588229527438156
2022_3195_3426,0.682219011371773
2022_3195_3428,0.634886940529063
2022_3195_3437,0.485600455898985
2022_3195_3439,0.289529312665338
2022_3195_3450,0.378123086057119
2022_3196_3199,0.701595040146573
2022_3196_3208,0.572746361729575
2022_3196_3210,0.536250715468503
2022_3196_3211,0.489079975632187
2022_3196_3218,0.787297850675614
2022_3196_3224,0.849363337149649
2022_3196_3229,0.570330263748251
2022_3196_3230,0.9999
2022_3196_3231,0.319825441495748
2022_3196_3234,0.263998768038759
2022_3196_3235,0.305395909728256
2022_3196_3237,0.39260276542897
2022_3196_3238,0.557480004333009
2022_3196_3242,0.62143481324223
2022_3196_3243,0.32061615007084
2022_3196_3246,0.393152878154122
2022_3196_3255,0.771527461772628
2022_3196_3257,0.198444796948692
2022_3196_3261,0.477253868014437
2022_3196_3268,0.349563301424909
2022_3196_3269,0.674747880247524
2022_3196_3273,0.579092227828357
2022_3196_3274,0.690529936815256
2022_3196_3276,0.39639876728869
2022_3196_3279,0.507856666312979
2022_3196_3283,0.631915164284853
2022_3196_3286,0.75090190288673
2022_3196_3291,0.857033466657398
2022_3196_3301,0.0885035940160242
2022_3196_3304,0.50529344253882
2022_3196_3314,0.385645124568766
2022_3196_3323,0.473675049803586
2022_3196_3326,0.466214638227091
2022_3196_3328,0.598279223620294
2022_3196_3332,0.448115367794223
2022_3196_3343,0.391869250281356
2022_3196_3372,0.704470252618185
2022_3196_3376,0.059165980227557
2022_3196_3377,0.498752045919647
2022_3196_3378,0.659050914922516
2022_3196_3390,0.119434277128698
2022_3196_3397,0.455458112808762
2022_3196_3400,0.253892253382075
2022_3196_3416,0.392070167696274
2022_3196_3424,0.522364810842782
2022_3196_3426,0.624723870969139
2022_3196_3428,0.654675641745238
2022_3196_3437,0.413694676132438
2022_3196_3439,0.368307833071997
2022_3196_3450,0.426272276254093
2022_3199_3208,0.595903990267365
2022_3199_3210,0.519852537841097
2022_3199_3211,0.511044073746065
2022_3199_3218,0.80026189054142
2022_3199_3224,0.859532898950769
2022_3199_3229,0.590576134383543
2022_3199_3230,0.9999
2022_3199_3231,0.321575512439034
2022_3199_3234,0.279623590930043
2022_3199_3235,0.322533025143445
2022_3199_3237,0.331806468174256
2022_3199_3238,0.654415448962303
2022_3199_3242,0.618510566667227
2022_3199_3243,0.615121777848539
2022_3199_3246,0.405373705916044
2022_3199_3255,0.773815210234546
2022_3199_3257,0.211351355564651
2022_3199_3261,0.492153904631524
2022_3199_3268,0.33193353182467
2022_3199_3269,0.376266175091694
2022_3199_3273,0.58568327141715
2022_3199_3274,0.304719483092672
2022_3199_3276,0.416309263236772
2022_3199_3279,0.530142883133968
2022_3199_3283,0.687653268096289
2022_3199_3286,0.636493546774068
2022_3199_3291,0.864366325787235
2022_3199_3301,0.103287586626366
2022_3199_3304,0.527537542950947
2022_3199_3314,0.405267152903726
2022_3199_3323,0.424470582440694
2022_3199_3326,0.224239973562421
2022_3199_3328,0.519718781057398
2022_3199_3332,0.469267119380609
2022_3199_3343,0.518648254449231
2022_3199_3372,0.318654221946055
2022_3199_3376,0.0649663569285947
2022_3199_3377,0.520886005320617
2022_3199_3378,0.682790714367421
2022_3199_3390,0.0618359817370317
2022_3199_3397,0.476766554908124
2022_3199_3400,0.183555842038795
2022_3199_3416,0.477278256099152
2022_3199_3424,0.543691095089822
2022_3199_3426,0.643510969240452
2022_3199_3428,0.513662985364782
2022_3199_3437,0.436748149044784
2022_3199_3439,0.353745261533838
2022_3199_3450,0.322094884604754
2022_3208_3210,0.661279634523306
2022_3208_3211,0.621821073628402
2022_3208_3218,0.87514058183209
2022_3208_3224,0.920651677372659
2022_3208_3229,0.805320846866649
2022_3208_3230,0.990093801747663
2022_3208_3231,0.452773709692999
2022_3208_3234,0.440332825551156
2022_3208_3235,0.22556908380236
2022_3208_3237,0.457556016830315
2022_3208_3238,0.634728923566558
2022_3208_3242,0.331336719004058
2022_3208_3243,0.34157168932197
2022_3208_3246,0.541624344597748
2022_3208_3255,0.825937472702118
2022_3208_3257,0.279619405251038
2022_3208_3261,0.607198648468689
2022_3208_3268,0.475720424674328
2022_3208_3269,0.498249862399523
2022_3208_3273,0.674486263466319
2022_3208_3274,0.434335796014856
2022_3208_3276,0.513846169409508
2022_3208_3279,0.641744659793851
2022_3208_3283,0.340506271128231
2022_3208_3286,0.792536836192643
2022_3208_3291,0.895959755548984
2022_3208_3301,0.188496231981497
2022_3208_3304,0.639612399848226
2022_3208_3314,0.39455286530612
2022_3208_3323,0.562549462509887
2022_3208_3326,0.594974490866702
2022_3208_3328,0.661460046784097
2022_3208_3332,0.574781874852998
2022_3208_3343,0.657205225274877
2022_3208_3372,0.509814806537902
2022_3208_3376,0.0523028474232648
2022_3208_3377,0.633425327681847
2022_3208_3378,0.396831771123994
2022_3208_3390,0.209784434742928
2022_3208_3397,0.58042467217024
2022_3208_3400,0.37190567458619
2022_3208_3416,0.61643946804848
2022_3208_3424,0.75043633975574
2022_3208_3426,0.775221880730237
2022_3208_3428,0.364249222613293
2022_3208_3437,0.556177230369238
2022_3208_3439,0.493781981743906
2022_3208_3450,0.448944615061683
2022_3210_3211,0.659734708083104
2022_3210_3218,0.870942655937156
2022_3210_3224,0.914047588608306
2022_3210_3229,0.707961426502614
2022_3210_3230,0.9999
2022_3210_3231,0.458488226551681
2022_3210_3234,0.394204994409527
2022_3210_3235,0.446309316875375
2022_3210_3237,0.4950976662296
2022_3210_3238,0.714673603412771
2022_3210_3242,0.437181645780692
2022_3210_3243,0.373147348308028
2022_3210_3246,0.557522424757972
2022_3210_3255,0.857757250300886
2022_3210_3257,0.308350807557199
2022_3210_3261,0.642525240700802
2022_3210_3268,0.499582994764607
2022_3210_3269,0.53586389106188
2022_3210_3273,0.714310063605613
2022_3210_3274,0.455403306872119
2022_3210_3276,0.555502409202728
2022_3210_3279,0.680053070572931
2022_3210_3283,0.427758560248257
2022_3210_3286,0.813022162036555
2022_3210_3291,0.921829128421082
2022_3210_3301,0.171642713880641
2022_3210_3304,0.677294662177862
2022_3210_3314,0.542965755552027
2022_3210_3323,0.579322668053371
2022_3210_3326,0.668565994945021
2022_3210_3328,0.684064124919655
2022_3210_3332,0.614489636414489
2022_3210_3343,0.68292249395024
2022_3210_3372,0.468634784438154
2022_3210_3376,0.110988935439343
2022_3210_3377,0.670233338910321
2022_3210_3378,0.42508699220272
2022_3210_3390,0.0124094261382542
2022_3210_3397,0.622693821223028
2022_3210_3400,0.365381283382323
2022_3210_3416,0.638195492985106
2022_3210_3424,0.669099669495709
2022_3210_3426,0.750732803288867
2022_3210_3428,0.32317374148342
2022_3210_3437,0.576828282648157
2022_3210_3439,0.529874936532326
2022_3210_3450,0.486047918566526
2022_3211_3218,0.908659426590379
2022_3211_3224,0.936741858112879
2022_3211_3229,0.748582610216919
2022_3211_3230,0.982467955022571
2022_3211_3231,0.534091540076147
2022_3211_3234,0.406603465301721
2022_3211_3235,0.463228207918469
2022_3211_3237,0.539418743057907
2022_3211_3238,0.700750988690081
2022_3211_3242,0.418883397287423
2022_3211_3243,0.428839255646724
2022_3211_3246,0.627864872723871
2022_3211_3255,0.865319686235909
2022_3211_3257,0.10305970252417
2022_3211_3261,0.695317916308551
2022_3211_3268,0.558577376158538
2022_3211_3269,0.577265359362247
2022_3211_3273,0.735758135897937
2022_3211_3274,0.4995744215699
2022_3211_3276,0.605056446430135
2022_3211_3279,0.684804094014295
2022_3211_3283,0.427804416038486
2022_3211_3286,0.837250970074392
2022_3211_3291,0.923267681728421
2022_3211_3301,0.237810659732075
2022_3211_3304,0.319953467788323
2022_3211_3314,0.568843875409413
2022_3211_3323,0.649548431209457
2022_3211_3326,0.682853872055609
2022_3211_3328,0.340445653532761
2022_3211_3332,0.666426505683475
2022_3211_3343,0.336189204665743
2022_3211_3372,0.513859410403441
2022_3211_3376,0.10837031164416
2022_3211_3377,0.322239411427609
2022_3211_3378,0.468332667681373
2022_3211_3390,0.262695206422167
2022_3211_3397,0.66726619009453
2022_3211_3400,0.446269765872068
2022_3211_3416,0.704706928645982
2022_3211_3424,0.711349967021472
2022_3211_3426,0.788600960832779
2022_3211_3428,0.450782358604919
2022_3211_3437,0.645634534218061
2022_3211_3439,0.577718189295578
2022_3211_3450,0.53134760387137
2022_3218_3224,0.40865418021716
2022_3218_3229,0.389528892348054
2022_3218_3230,0.629175590018402
2022_3218_3231,0.0607043826739434
2022_3218_3234,0.0238039857314343
2022_3218_3235,0.0345358685610004
2022_3218_3237,0.230775836741143
2022_3218_3238,0.370711341962411
2022_3218_3242,0.16314786948194
2022_3218_3243,0.167950077049825
2022_3218_3246,0.0867814320911077
2022_3218_3255,0.645717700755335
2022_3218_3257,0.0056357025446254
2022_3218_3261,0.108786431649574
2022_3218_3268,0.0670718258260296
2022_3218_3269,0.257266929850657
2022_3218_3273,0.413462770520266
2022_3218_3274,0.180404796753344
2022_3218_3276,0.0498577124960523
2022_3218_3279,0.0603353971145342
2022_3218_3283,0.167445280118907
2022_3218_3286,0.581954793927651
2022_3218_3291,0.406300266566194
2022_3218_3301,0.00145255826384242
2022_3218_3304,0.0882724647244233
2022_3218_3314,0.0576975772118801
2022_3218_3323,0.0935238401717755
2022_3218_3326,0.104483416348657
2022_3218_3328,0.129128554680106
2022_3218_3332,0.0733810077225019
2022_3218_3343,0.12745579435563
2022_3218_3372,0.188248865180224
2022_3218_3376,0.0001
2022_3218_3377,0.093186695743369
2022_3218_3378,0.164328906352064
2022_3218_3390,0.00543887551266915
2022_3218_3397,0.0742077477525417
2022_3218_3400,0.0400395988740146
2022_3218_3416,0.112104673210278
2022_3218_3424,0.344480806477862
2022_3218_3426,0.447221076942909
2022_3218_3428,0.178974948156171
2022_3218_3437,0.263669668974968
2022_3218_3439,0.0722563403168316
2022_3218_3450,0.225504686335554
2022_3224_3229,0.38994055187461
2022_3224_3230,0.635939307609454
2022_3224_3231,0.0346837010572995
2022_3224_3234,0.0274983158094022
2022_3224_3235,0.0419933499984023
2022_3224_3237,0.164904576685792
2022_3224_3238,0.279054121628764
2022_3224_3242,0.112051426143456
2022_3224_3243,0.115756810401743
2022_3224_3246,0.0540785166981968
2022_3224_3255,0.524218795500907
2022_3224_3257,0.000136221884818391
2022_3224_3261,0.0706019748634318
2022_3224_3268,0.0394009935974365
2022_3224_3269,0.186009351832287
2022_3224_3273,0.315283196670646
2022_3224_3274,0.101309384453811
2022_3224_3276,0.0389966992389253
2022_3224_3279,0.0683402121396035
2022_3224_3283,0.115366970585349
2022_3224_3286,0.464725222753128
2022_3224_3291,0.691650055109235
2022_3224_3301,0.0001
2022_3224_3304,0.0677861119884472
2022_3224_3314,0.0284940598234857
2022_3224_3323,0.0591259690630349
2022_3224_3326,0.0673594409655763
2022_3224_3328,0.0860065567155068
2022_3224_3332,0.0520527594672682
2022_3224_3343,0.0847350741548202
2022_3224_3372,0.226576138650484
2022_3224_3376,0.0001
2022_3224_3377,0.0661923253385082
2022_3224_3378,0.0832465809342416
2022_3224_3390,0.0001
2022_3224_3397,0.053341703568935
2022_3224_3400,0.0194558544848138
2022_3224_3416,0.0731062434048456
2022_3224_3424,0.488654164443346
2022_3224_3426,0.435120630792889
2022_3224_3428,0.124290886973695
2022_3224_3437,0.196712113506791
2022_3224_3439,0.0432507197544908
2022_3224_3450,0.160732473017649
2022_3229_3230,0.842536048387382
2022_3229_3231,0.16589247406598
2022_3229_3234,0.0101365790634334
2022_3229_3235,0.117169852742529
2022_3229_3237,0.457278388724566
2022_3229_3238,0.649386632448371
2022_3229_3242,0.350187286852597
2022_3229_3243,0.35814375308235
2022_3229_3246,0.215612362052933
2022_3229_3255,0.531952356644352
2022_3229_3257,0.0763712675064873
2022_3229_3261,0.256014137812907
2022_3229_3268,0.178223442533838
2022_3229_3269,0.496498432885714
2022_3229_3273,0.701387378802337
2022_3229_3274,0.309388945499481
2022_3229_3276,0.187915383273986
2022_3229_3279,0.264178091009702
2022_3229_3283,0.357310037008264
2022_3229_3286,0.472290056352385
2022_3229_3291,0.672611855779428
2022_3229_3301,0.0448239400149487
2022_3229_3304,0.262795527206258
2022_3229_3314,0.0809536371897457
2022_3229_3323,0.228138894719072
2022_3229_3326,0.248221785163626
2022_3229_3328,0.292163172750234
2022_3229_3332,0.222631507984461
2022_3229_3343,0.28923273616287
2022_3229_3372,0.369878067339529
2022_3229_3376,0.0001
2022_3229_3377,0.258806910940232
2022_3229_3378,0.282651412460591
2022_3229_3390,0.0533459220449139
2022_3229_3397,0.2259892083539
2022_3229_3400,0.124993764459486
2022_3229_3416,0.261987967605703
2022_3229_3424,0.653725236792664
2022_3229_3426,0.324595638473102
2022_3229_3428,0.37619884996557
2022_3229_3437,0.535883644724781
2022_3229_3439,0.188171652854207
2022_3229_3450,0.449299251639773
2022_3230_3231,0.0001
2022_3230_3234,0.0001
2022_3230_3235,0.0001
2022_3230_3237,0.0001
2022_3230_3238,0.0001
2022_3230_3242,0.0001
2022_3230_3243,0.0001
2022_3230_3246,0.0001
2022_3230_3255,0.0001
2022_3230_3257,0.0001
2022_3230_3261,0.0001
2022_3230_3268,0.0001
2022_3230_3269,0.0001
2022_3230_3273,0.0001
2022_3230_3274,0.0187770908796038
2022_3230_3276,0.00431814073409554
2022_3230_3279,0.0203275817150085
2022_3230_3283,0.0001
2022_3230_3286,0.0001
2022_3230_3291,0.0001
2022_3230_3301,0.0001
2022_3230_3304,0.0200223142270452
2022_3230_3314,0.0001
2022_3230_3323,0.0001
2022_3230_3326,0.0001
2022_3230_3328,0.0001
2022_3230_3332,0.011402141663653
2022_3230_3343,0.0001
2022_3230_3372,0.0723060043702422
2022_3230_3376,0.0001
2022_3230_3377,0.0191448982664517
2022_3230_3378,0.0113295768602442
2022_3230_3390,0.0001
2022_3230_3397,0.0121048938636104
2022_3230_3400,0.0001
2022_3230_3416,0.0001
2022_3230_3424,0.21061142127423
2022_3230_3426,0.18299357390024
2022_3230_3428,0.0001
2022_3230_3437,0.0942913700427577
2022_3230_3439,0.0001
2022_3230_3450,0.0001
2022_3231_3234,0.593521954897152
2022_3231_3235,0.653969778048824
2022_3231_3237,0.716511328904898
2022_3231_3238,0.841858434587545
2022_3231_3242,0.616287843190059
2022_3231_3243,0.664808354515645
2022_3231_3246,0.563210274668168
2022_3231_3255,0.928402812848681
2022_3231_3257,0.487591170620821
2022_3231_3261,0.483445704595247
2022_3231_3268,0.335672251223417
2022_3231_3269,0.621650544467129
2022_3231_3273,0.872427877241005
2022_3231_3274,0.646276318784174
2022_3231_3276,0.362598977593006
2022_3231_3279,0.485060561458619
2022_3231_3283,0.624832895743124
2022_3231_3286,0.931751340078298
2022_3231_3291,0.965751476353277
2022_3231_3301,0.26495285590472
2022_3231_3304,0.482478458136878
2022_3231_3314,0.349570225698316
2022_3231_3323,0.435001276045622
2022_3231_3326,0.471934897728615
2022_3231_3328,0.556752409631857
2022_3231_3332,0.422131739254635
2022_3231_3343,0.710379271201213
2022_3231_3372,0.656975939744684
2022_3231_3376,0.2091367350917
2022_3231_3377,0.475842838767536
2022_3231_3378,0.621365299918577
2022_3231_3390,0.364359957495696
2022_3231_3397,0.430187966172086
2022_3231_3400,0.608956025393289
2022_3231_3416,0.439196328530263
2022_3231_3424,0.807305120131793
2022_3231_3426,0.862809805536844
2022_3231_3428,0.642939130946783
2022_3231_3437,0.74073801285045
2022_3231_3439,0.359552127056645
2022_3231_3450,0.739182920788873
2022_3234_3235,0.396338520255917
2022_3234_3237,0.755819772184958
2022_3234_3238,0.859177382248329
2022_3234_3242,0.668372780535332
2022_3234_3243,0.675969130553905
2022_3234_3246,0.498580933557928
2022_3234_3255,0.951264475517811
2022_3234_3257,0.620298513180637
2022_3234_3261,0.559479214486862
2022_3234_3268,0.431424249921598
2022_3234_3269,0.781375466472701
2022_3234_3273,0.879804053727515
2022_3234_3274,0.64462533677187
2022_3234_3276,0.49427944884021
2022_3234_3279,0.610055786091003
2022_3234_3283,0.675182840294036
2022_3234_3286,0.936399945623558
2022_3234_3291,0.980949796151301
2022_3234_3301,0.45126595303362
2022_3234_3304,0.608295016494367
2022_3234_3314,0.613403151487225
2022_3234_3323,0.518616975455284
2022_3234_3326,0.548538427391076
2022_3234_3328,0.605944061129267
2022_3234_3332,0.552139363721755
2022_3234_3343,0.602419412358152
2022_3234_3372,0.703612444873807
2022_3234_3376,0.122643216317063
2022_3234_3377,0.603156090082834
2022_3234_3378,0.613974304622615
2022_3234_3390,0.487227685293254
2022_3234_3397,0.557237680033354
2022_3234_3400,0.311250951050782
2022_3234_3416,0.567630937178616
2022_3234_3424,0.870595967365394
2022_3234_3426,0.924748096474032
2022_3234_3428,0.692464576103416
2022_3234_3437,0.828023660755937
2022_3234_3439,0.450471869937199
2022_3234_3450,0.75025811495283
2022_3235_3237,0.716431632460151
2022_3235_3238,0.831939692718687
2022_3235_3242,0.62088004712473
2022_3235_3243,0.629103033625111
2022_3235_3246,0.440811623411669
2022_3235_3255,0.937278983621923
2022_3235_3257,0.556569165318459
2022_3235_3261,0.504585549949575
2022_3235_3268,0.371506181290047
2022_3235_3269,0.744728889662087
2022_3235_3273,0.85533304886652
2022_3235_3274,0.578041195318829
2022_3235_3276,0.43231350421435
2022_3235_3279,0.554580923382315
2022_3235_3283,0.628251204095932
2022_3235_3286,0.920117172953343
2022_3235_3291,0.971736980984457
2022_3235_3301,0.398857637426393
2022_3235_3304,0.552695141332265
2022_3235_3314,0.53443077699482
2022_3235_3323,0.461695467351556
2022_3235_3326,0.493062276645178
2022_3235_3328,0.553849565926978
2022_3235_3332,0.492981513167011
2022_3235_3343,0.550094004594024
2022_3235_3372,0.643487681423869
2022_3235_3376,0.0942396924773487
2022_3235_3377,0.547196064140281
2022_3235_3378,0.544509870169718
2022_3235_3390,0.432764572251681
2022_3235_3397,0.498368741777628
2022_3235_3400,0.659689812701858
2022_3235_3416,0.513190171483471
2022_3235_3424,0.835569022459008
2022_3235_3426,0.991762111843672
2022_3235_3428,0.647009547712273
2022_3235_3437,0.794563990861042
2022_3235_3439,0.391055658732479
2022_3235_3450,0.710295904316703
2022_3237_3238,0.52780188513146
2022_3237_3242,0.588618398436563
2022_3237_3243,0.589575812597549
2022_3237_3246,0.343235397749397
2022_3237_3255,0.695252795673582
2022_3237_3257,0.182181756119746
2022_3237_3261,0.447426392865882
2022_3237_3268,0.324417553200726
2022_3237_3269,0.340374227416371
2022_3237_3273,0.501908260932067
2022_3237_3274,0.659027557611066
2022_3237_3276,0.370805099131746
2022_3237_3279,0.478885115556192
2022_3237_3283,0.598978119578144
2022_3237_3286,0.72959822303217
2022_3237_3291,0.802749505784208
2022_3237_3301,0.0294538511501478
2022_3237_3304,0.476384126404318
2022_3237_3314,0.360449599329823
2022_3237_3323,0.378069119066714
2022_3237_3326,0.43671714502214
2022_3237_3328,0.202852206338872
2022_3237_3332,0.420783926292986
2022_3237_3343,0.340899240684765
2022_3237_3372,0.672930772428719
2022_3237_3376,0.0519587737951557
2022_3237_3377,0.4700048690353
2022_3237_3378,0.627714417441375
2022_3237_3390,0.107409242527027
2022_3237_3397,0.427903791916477
2022_3237_3400,0.233479287389674
2022_3237_3416,0.388971489182776
2022_3237_3424,0.493424269508706
2022_3237_3426,0.598962354055062
2022_3237_3428,0.621522214026927
2022_3237_3437,0.382753513611361
2022_3237_3439,0.342356950692323
2022_3237_3450,0.2952511491114
2022_3238_3242,0.360053218557476
2022_3238_3243,0.364836695275865
2022_3238_3246,0.211903445832319
2022_3238_3255,0.573323243709935
2022_3238_3257,0.0992685743011847
2022_3238_3261,0.162112192952812
2022_3238_3268,0.160189702051914
2022_3238_3269,0.513255171919958
2022_3238_3273,0.324774317232009
2022_3238_3274,0.465916002986256
2022_3238_3276,0.230845207251454
2022_3238_3279,0.313698108046203
2022_3238_3283,0.332633575029269
2022_3238_3286,0.377145350761378
2022_3238_3291,0.715300880596742
2022_3238_3301,0.0339850229309347
2022_3238_3304,0.311713426470935
2022_3238_3314,0.223208444973166
2022_3238_3323,0.224693730708722
2022_3238_3326,0.215628747302999
2022_3238_3328,0.291734509855887
2022_3238_3332,0.268430114227896
2022_3238_3343,0.290949438040401
2022_3238_3372,0.478476915932083
2022_3238_3376,0.0168854867916244
2022_3238_3377,0.306666060010324
2022_3238_3378,0.438074919149539
2022_3238_3390,0.0115135224364542
2022_3238_3397,0.273884626794105
2022_3238_3400,0.0713384417053496
2022_3238_3416,0.261173321201959
2022_3238_3424,0.296458911248615
2022_3238_3426,0.415036480552373
2022_3238_3428,0.272884630921325
2022_3238_3437,0.591727428430334
2022_3238_3439,0.173687558884682
2022_3238_3450,0.463468623921289
2022_3242_3243,0.695194780259357
2022_3242_3246,0.475494259025113
2022_3242_3255,0.817330891314671
2022_3242_3257,0.254855734801895
2022_3242_3261,0.542775504085792
2022_3242_3268,0.400414351109415
2022_3242_3269,0.454569126783425
2022_3242_3273,0.650722808736919
2022_3242_3274,0.377901035626385
2022_3242_3276,0.480933061550238
2022_3242_3279,0.600998082983867
2022_3242_3283,0.326913933548249
2022_3242_3286,0.734959156273397
2022_3242_3291,0.894494618201473
2022_3242_3301,0.132997842289228
2022_3242_3304,0.598292122331989
2022_3242_3314,0.469083232156839
2022_3242_3323,0.496081111915547
2022_3242_3326,0.56786233783074
2022_3242_3328,0.596989137369044
2022_3242_3332,0.537260908074127
2022_3242_3343,0.595871117688951
2022_3242_3372,0.391637967935574
2022_3242_3376,0.0850623514333264
2022_3242_3377,0.591374901197349
2022_3242_3378,0.346629712402705
2022_3242_3390,0.0001
2022_3242_3397,0.54517084178465
2022_3242_3400,0.289946996676858
2022_3242_3416,0.552387301526135
2022_3242_3424,0.606598388019378
2022_3242_3426,0.697979040500522
2022_3242_3428,0.630761866644159
2022_3242_3437,0.506032123925249
2022_3242_3439,0.427833606933544
2022_3242_3450,0.401873185912904
2022_3243_3246,0.401011226974084
2022_3243_3255,0.722753491741569
2022_3243_3257,0.248447755547267
2022_3243_3261,0.56467013119148
2022_3243_3268,0.425541034001404
2022_3243_3269,0.68690221467807
2022_3243_3273,0.566791756581654
2022_3243_3274,0.367747319320903
2022_3243_3276,0.471647418216882
2022_3243_3279,0.590953689460602
2022_3243_3283,0.315399673806461
2022_3243_3286,0.804314013639367
2022_3243_3291,0.862525016609862
2022_3243_3301,0.00974017321441145
2022_3243_3304,0.588258911125674
2022_3243_3314,0.459901533406638
2022_3243_3323,0.471374129662559
2022_3243_3326,0.552890494888402
2022_3243_3328,0.601560673918644
2022_3243_3332,0.527552473790774
2022_3243_3343,0.398458161528554
2022_3243_3372,0.381527951862183
2022_3243_3376,0.0820482658259418
2022_3243_3377,0.581371518278629
2022_3243_3378,0.336403073057795
2022_3243_3390,0.157867708697875
2022_3243_3397,0.535412484536466
2022_3243_3400,0.317015145978169
2022_3243_3416,0.450661930638382
2022_3243_3424,0.598104400321824
2022_3243_3426,0.690706068087941
2022_3243_3428,0.338276878199572
2022_3243_3437,0.49656342914592
2022_3243_3439,0.446365716893109
2022_3243_3450,0.450546275101678
2022_3246_3255,0.904013691534624
2022_3246_3257,0.403035441053966
2022_3246_3261,0.38048527267322
2022_3246_3268,0.638675040125674
2022_3246_3269,0.551491643744564
2022_3246_3273,0.831729707658967
2022_3246_3274,0.566973238048563
2022_3246_3276,0.675771826301002
2022_3246_3279,0.392216896142733
2022_3246_3283,0.534041543540992
2022_3246_3286,0.900482392423357
2022_3246_3291,0.949428143048898
2022_3246_3301,0.214789416571009
2022_3246_3304,0.389501295753299
2022_3246_3314,0.662684446983443
2022_3246_3323,0.353388911903515
2022_3246_3326,0.36836805730817
2022_3246_3328,0.481286930940145
2022_3246_3332,0.326753025866643
2022_3246_3343,0.52051351510026
2022_3246_3372,0.578946016559587
2022_3246_3376,0.160500593990265
2022_3246_3377,0.382534293164714
2022_3246_3378,0.539283232554733
2022_3246_3390,0.285967180465016
2022_3246_3397,0.33505094954865
2022_3246_3400,0.506567360042378
2022_3246_3416,0.346505591308382
2022_3246_3424,0.752398346131582
2022_3246_3426,0.819015950896718
2022_3246_3428,0.554359219763152
2022_3246_3437,0.674364481308475
2022_3246_3439,0.662546592176856
2022_3246_3450,0.682405469453665
2022_3255_3257,0.0279814969633264
2022_3255_3261,0.117183301680841
2022_3255_3268,0.0696904738098879
2022_3255_3269,0.219275500995393
2022_3255_3273,0.458892166049902
2022_3255_3274,0.238743058688125
2022_3255_3276,0.096173484983812
2022_3255_3279,0.143106450068582
2022_3255_3283,0.188033208790924
2022_3255_3286,0.66985836172892
2022_3255_3291,0.5465765790933
2022_3255_3301,0.0001
2022_3255_3304,0.141942812402375
2022_3255_3314,0.0920109001621807
2022_3255_3323,0.11577565862622
2022_3255_3326,0.112731476250976
2022_3255_3328,0.174035088806363
2022_3255_3332,0.117053981739615
2022_3255_3343,0.0950001441101364
2022_3255_3372,0.24724225428063
2022_3255_3376,0.0001
2022_3255_3377,0.138992490471798
2022_3255_3378,0.220253589370197
2022_3255_3390,0.00178681599711263
2022_3255_3397,0.120139863730084
2022_3255_3400,0.0390840985275639
2022_3255_3416,0.115860512670588
2022_3255_3424,0.420557557267052
2022_3255_3426,0.528274689619259
2022_3255_3428,0.200006327013083
2022_3255_3437,0.328625915873569
2022_3255_3439,0.0761499006603892
2022_3255_3450,0.386319990661317
2022_3257_3261,0.651225651368063
2022_3257_3268,0.535614498092387
2022_3257_3269,0.838613471938334
2022_3257_3273,0.916906022389098
2022_3257_3274,0.796762387146989
2022_3257_3276,0.617665424273682
2022_3257_3279,0.679547990477278
2022_3257_3283,0.750889811975815
2022_3257_3286,0.960670991502117
2022_3257_3291,0.994500339849079
2022_3257_3301,0.554362605212509
2022_3257_3304,0.904108851041351
2022_3257_3314,0.548091502366732
2022_3257_3323,0.614958482439262
2022_3257_3326,0.641571247469277
2022_3257_3328,0.691778131724039
2022_3257_3332,0.698359448577923
2022_3257_3343,0.688727197554243
2022_3257_3372,0.80503818651489
2022_3257_3376,0.320866169976829
2022_3257_3377,0.712734608190465
2022_3257_3378,0.778168502065797
2022_3257_3390,0.593133100738173
2022_3257_3397,0.6989505169132
2022_3257_3400,0.421673313172789
2022_3257_3416,0.658392518219124
2022_3257_3424,0.906762934006439
2022_3257_3426,0.94105158611516
2022_3257_3428,0.765404211497053
2022_3257_3437,0.891787815431801
2022_3257_3439,0.553179828070409
2022_3257_3450,0.813266447192285
2022_3261_3268,0.548169920325996
2022_3261_3269,0.591045976590515
2022_3261_3273,0.755362825228384
2022_3261_3274,0.506530480509133
2022_3261_3276,0.608573922450611
2022_3261_3279,0.325031465026532
2022_3261_3283,0.492012859908308
2022_3261_3286,0.801964142292816
2022_3261_3291,0.938466081199007
2022_3261_3301,0.204089808484878
2022_3261_3304,0.322273698515172
2022_3261_3314,0.59570921672029
2022_3261_3323,0.641856479941029
2022_3261_3326,0.317974357045135
2022_3261_3328,0.338018312018275
2022_3261_3332,0.668668852386574
2022_3261_3343,0.336879464602634
2022_3261_3372,0.519262700003438
2022_3261_3376,0.13153301548313
2022_3261_3377,0.315207078480516
2022_3261_3378,0.477232961816586
2022_3261_3390,0.144224818989177
2022_3261_3397,0.676970610956506
2022_3261_3400,0.358621842217536
2022_3261_3416,0.701621980685432
2022_3261_3424,0.708198943387577
2022_3261_3426,0.783066236694881
2022_3261_3428,0.372535775212155
2022_3261_3437,0.622147065242894
2022_3261_3439,0.575793131288298
2022_3261_3450,0.543984735254864
2022_3268_3269,0.707454151574672
2022_3268_3273,0.8368559070941
2022_3268_3274,0.626073584017303
2022_3268_3276,0.337073404236682
2022_3268_3279,0.460879735601924
2022_3268_3283,0.625583883169144
2022_3268_3286,0.888686328865355
2022_3268_3291,0.969371553167933
2022_3268_3301,0.298093260208403
2022_3268_3304,0.458254451058134
2022_3268_3314,0.323985612311489
2022_3268_3323,0.383646872712548
2022_3268_3326,0.476618812546932
2022_3268_3328,0.485644794147681
2022_3268_3332,0.397080953933177
2022_3268_3343,0.48457764042814
2022_3268_3372,0.637127272050011
2022_3268_3376,0.195337945299394
2022_3268_3377,0.451510807976426
2022_3268_3378,0.600381930315273
2022_3268_3390,0.177359035367678
2022_3268_3397,0.405227371842529
2022_3268_3400,0.56126913581134
2022_3268_3416,0.442013263993492
2022_3268_3424,0.793634505131037
2022_3268_3426,0.85199415299949
2022_3268_3428,0.53559177002372
2022_3268_3437,0.72405325333102
2022_3268_3439,0.516144035326199
2022_3268_3450,0.668381174742126
2022_3269_3273,0.613420270415959
2022_3269_3274,0.616042588013048
2022_3269_3276,0.337229493687649
2022_3269_3279,0.440314437034134
2022_3269_3283,0.555567734768792
2022_3269_3286,0.699257196996489
2022_3269_3291,0.865150130395221
2022_3269_3301,0.055656712898975
2022_3269_3304,0.437909426331529
2022_3269_3314,0.327442849591974
2022_3269_3323,0.283795088397635
2022_3269_3326,0.39872831135834
2022_3269_3328,0.225923859112618
2022_3269_3332,0.384683770330466
2022_3269_3343,0.445804988894692
2022_3269_3372,0.629813198550342
2022_3269_3376,0.0429042452667783
2022_3269_3377,0.43177921981776
2022_3269_3378,0.585138588778391
2022_3269_3390,0.0926293472591989
2022_3269_3397,0.391473934528975
2022_3269_3400,0.207937896931832
2022_3269_3416,0.500796438894594
2022_3269_3424,0.452590295721501
2022_3269_3426,0.562081444054436
2022_3269_3428,0.577685844574093
2022_3269_3437,0.339755731807234
2022_3269_3439,0.309380871244874
2022_3269_3450,0.427870871949852
2022_3273_3274,0.420366653586155
2022_3273_3276,0.201537048121537
2022_3273_3279,0.277587886740095
2022_3273_3283,0.357480071817715
2022_3273_3286,0.516172764835204
2022_3273_3291,0.679705794399788
2022_3273_3301,0.0213321880927597
2022_3273_3304,0.275752622814223
2022_3273_3314,0.19458499628226
2022_3273_3323,0.238260699077005
2022_3273_3326,0.237207298443028
2022_3273_3328,0.32660440372945
2022_3273_3332,0.235893543407116
2022_3273_3343,0.167532175381093
2022_3273_3372,0.432329606074138
2022_3273_3376,0.0103520059323404
2022_3273_3377,0.27108826049064
2022_3273_3378,0.393950414925909
2022_3273_3390,0.0374314146992074
2022_3273_3397,0.240899159368042
2022_3273_3400,0.107890880979408
2022_3273_3416,0.213360427196253
2022_3273_3424,0.654034074594355
2022_3273_3426,0.363800460171005
2022_3273_3428,0.375598384802734
2022_3273_3437,0.541467116534492
2022_3273_3439,0.174523865959738
2022_3273_3450,0.530290614034249
2022_3274_3276,0.401828491512699
2022_3274_3279,0.519144749520728
2022_3274_3283,0.631193603276785
2022_3274_3286,0.720055917609951
2022_3274_3291,0.849853450395314
2022_3274_3301,0.134053564664671
2022_3274_3304,0.517133335367413
2022_3274_3314,0.366131168502962
2022_3274_3323,0.452133636914631
2022_3274_3326,0.482074943723744
2022_3274_3328,0.54476923507941
2022_3274_3332,0.456888982450153
2022_3274_3343,0.540703576175966
2022_3274_3372,0.505209862380899
2022_3274_3376,0.0001
2022_3274_3377,0.511307870540869
2022_3274_3378,0.647224031280288
2022_3274_3390,0.150908345971002
2022_3274_3397,0.462063406622239
2022_3274_3400,0.284017467313619
2022_3274_3416,0.502122466990358
2022_3274_3424,0.769510220812323
2022_3274_3426,0.727373045144624
2022_3274_3428,0.654912792459746
2022_3274_3437,0.439530447105375
2022_3274_3439,0.389963074980004
2022_3274_3450,0.331976567386062
2022_3276_3279,0.369160089770421
2022_3276_3283,0.527389027839402
2022_3276_3286,0.881405230369024
2022_3276_3291,0.949429477745226
2022_3276_3301,0.307504825497978
2022_3276_3304,0.385137153477907
2022_3276_3314,0.679339289270933
2022_3276_3323,0.346022751837161
2022_3276_3326,0.379141629030403
2022_3276_3328,0.444671233459661
2022_3276_3332,0.333662297776374
2022_3276_3343,0.440570147622284
2022_3276_3372,0.611004472712754
2022_3276_3376,0.152527149247934
2022_3276_3377,0.422189846258367
2022_3276_3378,0.569854164067513
2022_3276_3390,0.336800877758759
2022_3276_3397,0.336701740307623
2022_3276_3400,0.543759635765873
2022_3276_3416,0.400640740379872
2022_3276_3424,0.781370548458235
2022_3276_3426,0.844624988405822
2022_3276_3428,0.548696079810787
2022_3276_3437,0.861760833529082
2022_3276_3439,0.682707801428071
2022_3276_3450,0.621973855960378
2022_3279_3283,0.408001919523706
2022_3279_3286,0.82764650498619
2022_3279_3291,0.917472399554312
2022_3279_3301,0.225786917915501
2022_3279_3304,0.305229461277773
2022_3279_3314,0.549505028579762
2022_3279_3323,0.629343873187805
2022_3279_3326,0.66252852098663
2022_3279_3328,0.32012776228257
2022_3279_3332,0.662986849355673
2022_3279_3343,0.315860841616233
2022_3279_3372,0.495354623865329
2022_3279_3376,0.101502795733412
2022_3279_3377,0.428291799898879
2022_3279_3378,0.449198127651934
2022_3279_3390,0.249831113415417
2022_3279_3397,0.666026152372714
2022_3279_3400,0.428571139257317
2022_3279_3416,0.684347077023209
2022_3279_3424,0.697396435839529
2022_3279_3426,0.777241983568605
2022_3279_3428,0.431211018707034
2022_3279_3437,0.699877388552243
2022_3279_3439,0.558053234581085
2022_3279_3450,0.512903532620033
2022_3283_3286,0.678219838043055
2022_3283_3291,0.890820761438321
2022_3283_3301,0.1287888203436
2022_3283_3304,0.589302091995581
2022_3283_3314,0.460854111906883
2022_3283_3323,0.486367294470247
2022_3283_3326,0.260477309598134
2022_3283_3328,0.586638040579621
2022_3283_3332,0.528560852545191
2022_3283_3343,0.585524935654207
2022_3283_3372,0.382582715389491
2022_3283_3376,0.0823589691010959
2022_3283_3377,0.582411476937553
2022_3283_3378,0.337469194641986
2022_3283_3390,0.076103327004816
2022_3283_3397,0.53642618320303
2022_3283_3400,0.214532817624608
2022_3283_3416,0.542269618907028
2022_3283_3424,0.598993789540846
2022_3283_3426,0.691468786606556
2022_3283_3428,0.569099653172086
2022_3283_3437,0.497553193642931
2022_3283_3439,0.39777457734392
2022_3283_3450,0.391474188872844
2022_3286_3291,0.508281180358998
2022_3286_3301,0.000501759305531962
2022_3286_3304,0.17102835241107
2022_3286_3314,0.113795725997844
2022_3286_3323,0.107140951897201
2022_3286_3326,0.21223772584468
2022_3286_3328,0.148316648050535
2022_3286_3332,0.142591257583346
2022_3286_3343,0.147822274528678
2022_3286_3372,0.289381114145873
2022_3286_3376,0.0001
2022_3286_3377,0.167666793862381
2022_3286_3378,0.259344889253878
2022_3286_3390,0.0001
2022_3286_3397,0.146126844958865
2022_3286_3400,0.0774895367600069
2022_3286_3416,0.12928794699158
2022_3286_3424,0.477538330843531
2022_3286_3426,0.590509750989664
2022_3286_3428,0.250051010379673
2022_3286_3437,0.378739554840842
2022_3286_3439,0.123253814288206
2022_3286_3450,0.264081911925058
2022_3291_3301,0.0001
2022_3291_3304,0.0817257552185052
2022_3291_3314,0.0477736831953596
2022_3291_3323,0.06306238468041
2022_3291_3326,0.0586024677944899
2022_3291_3328,0.102980261908088
2022_3291_3332,0.0646916957275936
2022_3291_3343,0.0499078376183225
2022_3291_3372,0.15632466021526
2022_3291_3376,0.0001
2022_3291_3377,0.0796949252297044
2022_3291_3378,0.136803612916856
2022_3291_3390,0.0001
2022_3291_3397,0.0667916794187241
2022_3291_3400,0.0111331053872799
2022_3291_3416,0.0640263945177632
2022_3291_3424,0.288791587395195
2022_3291_3426,0.377875642658706
2022_3291_3428,0.11741986891162
2022_3291_3437,0.216949695901775
2022_3291_3439,0.0347846468509493
2022_3291_3450,0.20777530718262
2022_3301_3304,0.772607273255402
2022_3301_3314,0.683078181419265
2022_3301_3323,0.877393123410012
2022_3301_3326,0.789202349927474
2022_3301_3328,0.922540275092939
2022_3301_3332,0.733689965181557
2022_3301_3343,0.783480981475429
2022_3301_3372,0.871494195067131
2022_3301_3376,0.487713458763712
2022_3301_3377,0.768458917327919
2022_3301_3378,0.852788112375818
2022_3301_3390,0.343808946649502
2022_3301_3397,0.739044266808198
2022_3301_3400,0.596956899911032
2022_3301_3416,0.816022337531633
2022_3301_3424,0.943425920270306
2022_3301_3426,0.967433125194405
2022_3301_3428,0.87999728702711
2022_3301_3437,0.912894390208387
2022_3301_3439,0.71834290269681
2022_3301_3450,0.9999
2022_3304_3314,0.551559871579368
2022_3304_3323,0.632077983105748
2022_3304_3326,0.665281925689568
2022_3304_3328,0.322886122752345
2022_3304_3332,0.67722531607948
2022_3304_3343,0.318620244823672
2022_3304_3372,0.497343942927932
2022_3304_3376,0.102221662630938
2022_3304_3377,0.332191262978913
2022_3304_3378,0.45125204928449
2022_3304_3390,0.251550511710086
2022_3304_3397,0.678066083996235
2022_3304_3400,0.430950588910405
2022_3304_3416,0.687107097015139
2022_3304_3424,0.698906360304818
2022_3304_3426,0.778474323543605
2022_3304_3428,0.433877518881593
2022_3304_3437,0.653314482260289
2022_3304_3439,0.560708192080147
2022_3304_3450,0.515423019769717
2022_3314_3323,0.359061560285484
2022_3314_3326,0.392063151172409
2022_3314_3328,0.457206593957844
2022_3314_3332,0.384232492142621
2022_3314_3343,0.453135667265292
2022_3314_3372,0.692998868172882
2022_3314_3376,0.121983712559008
2022_3314_3377,0.442457656182851
2022_3314_3378,0.602142074234523
2022_3314_3390,0.346754255963523
2022_3314_3397,0.389957611160497
2022_3314_3400,0.556302227338687
2022_3314_3416,0.413458105395622
2022_3314_3424,0.760991342515001
2022_3314_3426,0.93354822768064
2022_3314_3428,0.560200014385348
2022_3314_3437,0.726490474630408
2022_3314_3439,0.69581976876262
2022_3314_3450,0.632444799760376
2022_3323_3326,0.345957983655947
2022_3323_3328,0.533755405570711
2022_3323_3332,0.304911693453208
2022_3323_3343,0.643553921109557
2022_3323_3372,0.560098984307082
2022_3323_3376,0.150710610102806
2022_3323_3377,0.360910253486784
2022_3323_3378,0.51962073358971
2022_3323_3390,0.270908950481269
2022_3323_3397,0.313226094060479
2022_3323_3400,0.485796854825172
2022_3323_3416,0.704430379171913
2022_3323_3424,0.738654614849974
2022_3323_3426,0.80790486714114
2022_3323_3428,0.534355467146657
2022_3323_3437,0.65801352472634
2022_3323_3439,0.640096049356946
2022_3323_3450,0.627532184012318
2022_3326_3328,0.350222669431882
2022_3326_3332,0.681118117806608
2022_3326_3343,0.349086290465002
2022_3326_3372,0.53052810885123
2022_3326_3376,0.136567439552328
2022_3326_3377,0.327661049941098
2022_3326_3378,0.488897055030736
2022_3326_3390,0.13340658116758
2022_3326_3397,0.689429642211492
2022_3326_3400,0.336381608602299
2022_3326_3416,0.304279842134267
2022_3326_3424,0.716694885290635
2022_3326_3426,0.79002550802516
2022_3326_3428,0.343721963884609
2022_3326_3437,0.632101992780568
2022_3326_3439,0.550596505525397
2022_3326_3450,0.554793026734138
2022_3328_3332,0.61431130707015
2022_3328_3343,0.515833889365622
2022_3328_3372,0.468463704626515
2022_3328_3376,0.110924753401285
2022_3328_3377,0.670052699641536
2022_3328_3378,0.424911537693322
2022_3328_3390,0.20725200165587
2022_3328_3397,0.622515022680686
2022_3328_3400,0.393679441038297
2022_3328_3416,0.573957779525459
2022_3328_3424,0.668964940468526
2022_3328_3426,0.750620510351048
2022_3328_3428,0.435579969461799
2022_3328_3437,0.576673512861603
2022_3328_3439,0.536945533596797
2022_3328_3450,0.509055058932022
2022_3332_3343,0.381478778307587
2022_3332_3372,0.556821633569869
2022_3332_3376,0.126037912686271
2022_3332_3377,0.383683760830694
2022_3332_3378,0.513007327414885
2022_3332_3390,0.293092965684345
2022_3332_3397,0.407491170042893
2022_3332_3400,0.487159733739544
2022_3332_3416,0.340691928049431
2022_3332_3424,0.742969991664805
2022_3332_3426,0.814100208791782
2022_3332_3428,0.493789075737657
2022_3332_3437,0.691655425089589
2022_3332_3439,0.622429440519638
2022_3332_3450,0.571488457888317
2022_3343_3372,0.472494511901784
2022_3343_3376,0.112445669067942
2022_3343_3377,0.674315365857575
2022_3343_3378,0.429046763450042
2022_3343_3390,0.207877514387718
2022_3343_3397,0.626735754508214
2022_3343_3400,0.394620200189514
2022_3343_3416,0.348060384014222
2022_3343_3424,0.672134537400386
2022_3343_3426,0.75326067328013
2022_3343_3428,0.43668101299094
2022_3343_3437,0.580317092783285
2022_3343_3439,0.538029570279043
2022_3343_3450,0.684633386963481
2022_3372_3376,0.000998010698374584
2022_3372_3377,0.496895862822875
2022_3372_3378,0.459305736561605
2022_3372_3390,0.144881304331125
2022_3372_3397,0.448278985415889
2022_3372_3400,0.274694939350863
2022_3372_3416,0.48929651277455
2022_3372_3424,0.475272401831626
2022_3372_3426,0.671282931635987
2022_3372_3428,0.641053500989141
2022_3372_3437,0.424504349403594
2022_3372_3439,0.37864278614047
2022_3372_3450,0.31805758088348
2022_3376_3377,0.895670896659738
2022_3376_3378,0.9999
2022_3376_3390,0.548264749717002
2022_3376_3397,0.876198058137416
2022_3376_3400,0.733296950424313
2022_3376_3416,0.872171819190074
2022_3376_3424,0.9999
2022_3376_3426,0.9999
2022_3376_3428,0.924402676926583
2022_3376_3437,0.976429396453381
2022_3376_3439,0.814874654722892
2022_3376_3450,0.946035314916113
2022_3377_3378,0.457203508961394
2022_3377_3390,0.255990369791827
2022_3377_3397,0.619322387643836
2022_3377_3400,0.437074973435192
2022_3377_3416,0.694178296986704
2022_3377_3424,0.703264958885278
2022_3377_3426,0.782027308425234
2022_3377_3428,0.44068992495619
2022_3377_3437,0.660520635174767
2022_3377_3439,0.567525726367013
2022_3377_3450,0.521850406110097
2022_3378_3390,0.165183031004756
2022_3378_3397,0.492315000290416
2022_3378_3400,0.305850186619197
2022_3378_3416,0.531614290189578
2022_3378_3424,0.791799705089861
2022_3378_3426,0.751962774975029
2022_3378_3428,0.686376454819747
2022_3378_3437,0.471380923888328
2022_3378_3439,0.416238921337224
2022_3378_3450,0.363348670553379
2022_3390_3397,0.712607990962391
2022_3390_3400,0.681852887510302
2022_3390_3416,0.766500267027762
2022_3390_3424,0.933730128933709
2022_3390_3426,0.960160516060115
2022_3390_3428,0.890763041231445
2022_3390_3437,0.900257457289075
2022_3390_3439,0.838070994388956
2022_3390_3450,0.889180530877226
2022_3397_3400,0.479588834950178
2022_3397_3416,0.332400625103874
2022_3397_3424,0.73927143029976
2022_3397_3426,0.811134729553091
2022_3397_3428,0.486048978432071
2022_3397_3437,0.689479243078512
2022_3397_3439,0.614225949834463
2022_3397_3450,0.564303241159093
2022_3400_3416,0.567465407652969
2022_3400_3424,0.852900956372467
2022_3400_3426,0.898469415376168
2022_3400_3428,0.915810989086378
2022_3400_3437,0.797168130701723
2022_3400_3439,0.466126901698304
2022_3400_3450,0.760698610610584
2022_3416_3424,0.701695019664198
2022_3416_3426,0.777722742874112
2022_3416_3428,0.479388543838295
2022_3416_3437,0.614552378275134
2022_3416_3439,0.58118394813046
2022_3416_3450,0.63865871204882
2022_3424_3426,0.399248433953366
2022_3424_3428,0.421119082642477
2022_3424_3437,0.590751778362481
2022_3424_3439,0.21736881289999
2022_3424_3450,0.498228365298618
2022_3426_3428,0.32584733058808
2022_3426_3437,0.472976050550024
2022_3426_3439,0.156753408900446
2022_3426_3450,0.393575417769414
2022_3428_3437,0.475266108599092
2022_3428_3439,0.490386180657107
2022_3428_3450,0.368857904340002
2022_3437_3439,0.289298918155137
2022_3437_3450,0.608362265305073
2022_3439_3450,0.650205247342276
